sort_type,input_type,n,run,comparisons,ptr_swaps,time_us,status
insertion,random,100,0,2786,294,5,ok
merge,random,100,0,547,672,5,ok
insertion,random,100,1,2783,291,4,ok
merge,random,100,1,542,672,4,ok
insertion,random,100,2,2836,282,4,ok
merge,random,100,2,550,672,4,ok
insertion,random,100,3,2602,288,5,ok
merge,random,100,3,553,672,4,ok
insertion,random,100,4,2441,276,4,ok
merge,random,100,4,536,672,4,ok
insertion,random,100,5,2588,291,4,ok
merge,random,100,5,543,672,4,ok
insertion,random,100,6,2579,285,4,ok
merge,random,100,6,542,672,4,ok
insertion,random,100,7,2629,288,4,ok
merge,random,100,7,540,672,5,ok
insertion,random,100,8,2646,276,4,ok
merge,random,100,8,536,672,5,ok
insertion,random,100,9,2568,285,4,ok
merge,random,100,9,539,672,5,ok
insertion,sorted,100,0,4950,0,8,ok
merge,sorted,100,0,356,672,2,ok
insertion,sorted,100,1,4950,0,8,ok
merge,sorted,100,1,356,672,1,ok
insertion,sorted,100,2,4950,0,8,ok
merge,sorted,100,2,356,672,1,ok
insertion,sorted,100,3,4950,0,7,ok
merge,sorted,100,3,356,672,1,ok
insertion,sorted,100,4,4950,0,7,ok
merge,sorted,100,4,356,672,1,ok
insertion,sorted,100,5,4950,0,7,ok
merge,sorted,100,5,356,672,1,ok
insertion,sorted,100,6,4950,0,7,ok
merge,sorted,100,6,356,672,1,ok
insertion,sorted,100,7,4950,0,8,ok
merge,sorted,100,7,356,672,5,ok
insertion,sorted,100,8,4950,0,7,ok
merge,sorted,100,8,356,672,2,ok
insertion,sorted,100,9,4950,0,7,ok
merge,sorted,100,9,356,672,2,ok
insertion,reverse,100,0,99,297,0,ok
merge,reverse,100,0,316,672,2,ok
insertion,reverse,100,1,99,297,1,ok
merge,reverse,100,1,316,672,1,ok
insertion,reverse,100,2,99,297,0,ok
merge,reverse,100,2,316,672,2,ok
insertion,reverse,100,3,99,297,0,ok
merge,reverse,100,3,316,672,2,ok
insertion,reverse,100,4,99,297,0,ok
merge,reverse,100,4,316,672,2,ok
insertion,reverse,100,5,99,297,0,ok
merge,reverse,100,5,316,672,2,ok
insertion,reverse,100,6,99,297,0,ok
merge,reverse,100,6,316,672,2,ok
insertion,reverse,100,7,99,297,0,ok
merge,reverse,100,7,316,672,2,ok
insertion,reverse,100,8,99,297,0,ok
merge,reverse,100,8,316,672,2,ok
insertion,reverse,100,9,99,297,0,ok
merge,reverse,100,9,316,672,2,ok
insertion,nearly,100,0,4949,18,8,ok
merge,nearly,100,0,358,672,2,ok
insertion,nearly,100,1,4950,21,7,ok
merge,nearly,100,1,357,672,2,ok
insertion,nearly,100,2,4950,21,8,ok
merge,nearly,100,2,358,672,2,ok
insertion,nearly,100,3,4950,21,8,ok
merge,nearly,100,3,358,672,2,ok
insertion,nearly,100,4,4950,21,8,ok
merge,nearly,100,4,358,672,2,ok
insertion,nearly,100,5,4950,21,7,ok
merge,nearly,100,5,358,672,1,ok
insertion,nearly,100,6,4950,21,7,ok
merge,nearly,100,6,359,672,1,ok
insertion,nearly,100,7,4950,15,7,ok
merge,nearly,100,7,356,672,2,ok
insertion,nearly,100,8,4950,21,7,ok
merge,nearly,100,8,361,672,1,ok
insertion,nearly,100,9,4950,21,7,ok
merge,nearly,100,9,359,672,1,ok
insertion,random,600,0,92018,1770,124,ok
merge,random,600,0,4791,5576,37,ok
insertion,random,600,1,92441,1788,124,ok
merge,random,600,1,4789,5576,35,ok
insertion,random,600,2,89143,1785,120,ok
merge,random,600,2,4779,5576,34,ok
insertion,random,600,3,94033,1776,126,ok
merge,random,600,3,4795,5576,35,ok
insertion,random,600,4,93588,1779,125,ok
merge,random,600,4,4776,5576,34,ok
insertion,random,600,5,90290,1779,122,ok
merge,random,600,5,4798,5576,34,ok
insertion,random,600,6,91102,1785,122,ok
merge,random,600,6,4789,5576,34,ok
insertion,random,600,7,86887,1776,118,ok
merge,random,600,7,4795,5576,33,ok
insertion,random,600,8,91186,1779,122,ok
merge,random,600,8,4792,5576,34,ok
insertion,random,600,9,85620,1779,116,ok
merge,random,600,9,4814,5576,34,ok
insertion,sorted,600,0,179700,0,234,ok
merge,sorted,600,0,2916,5576,14,ok
insertion,sorted,600,1,179700,0,234,ok
merge,sorted,600,1,2916,5576,13,ok
insertion,sorted,600,2,179700,0,237,ok
merge,sorted,600,2,2916,5576,13,ok
insertion,sorted,600,3,179700,0,238,ok
merge,sorted,600,3,2916,5576,12,ok
insertion,sorted,600,4,179700,0,236,ok
merge,sorted,600,4,2916,5576,12,ok
insertion,sorted,600,5,179700,0,236,ok
merge,sorted,600,5,2916,5576,13,ok
insertion,sorted,600,6,179700,0,238,ok
merge,sorted,600,6,2916,5576,12,ok
insertion,sorted,600,7,179700,0,238,ok
merge,sorted,600,7,2916,5576,12,ok
insertion,sorted,600,8,179700,0,234,ok
merge,sorted,600,8,2916,5576,13,ok
insertion,sorted,600,9,179700,0,238,ok
merge,sorted,600,9,2916,5576,12,ok
insertion,reverse,600,0,599,1797,2,ok
merge,reverse,600,0,2660,5576,14,ok
insertion,reverse,600,1,599,1797,1,ok
merge,reverse,600,1,2660,5576,12,ok
insertion,reverse,600,2,599,1797,2,ok
merge,reverse,600,2,2660,5576,12,ok
insertion,reverse,600,3,599,1797,2,ok
merge,reverse,600,3,2660,5576,12,ok
insertion,reverse,600,4,599,1797,1,ok
merge,reverse,600,4,2660,5576,12,ok
insertion,reverse,600,5,599,1797,1,ok
merge,reverse,600,5,2660,5576,13,ok
insertion,reverse,600,6,599,1797,2,ok
merge,reverse,600,6,2660,5576,12,ok
insertion,reverse,600,7,599,1797,1,ok
merge,reverse,600,7,2660,5576,13,ok
insertion,reverse,600,8,599,1797,1,ok
merge,reverse,600,8,2660,5576,13,ok
insertion,reverse,600,9,599,1797,1,ok
merge,reverse,600,9,2660,5576,13,ok
insertion,nearly,600,0,179700,120,238,ok
merge,nearly,600,0,2928,5576,14,ok
insertion,nearly,600,1,179699,117,238,ok
merge,nearly,600,1,2927,5576,13,ok
insertion,nearly,600,2,179699,111,235,ok
merge,nearly,600,2,2929,5576,14,ok
insertion,nearly,600,3,179700,108,240,ok
merge,nearly,600,3,2931,5576,13,ok
insertion,nearly,600,4,179699,111,239,ok
merge,nearly,600,4,2930,5576,14,ok
insertion,nearly,600,5,179700,120,236,ok
merge,nearly,600,5,2928,5576,13,ok
insertion,nearly,600,6,179698,108,239,ok
merge,nearly,600,6,2931,5576,12,ok
insertion,nearly,600,7,179698,108,238,ok
merge,nearly,600,7,2927,5576,13,ok
insertion,nearly,600,8,179699,117,239,ok
merge,nearly,600,8,2938,5576,13,ok
insertion,nearly,600,9,179698,120,239,ok
merge,nearly,600,9,2934,5576,13,ok
insertion,random,1100,0,312745,3264,417,ok
merge,random,1100,0,9710,11152,71,ok
insertion,random,1100,1,292819,3276,394,ok
merge,random,1100,1,9723,11152,69,ok
insertion,random,1100,2,298950,3282,393,ok
merge,random,1100,2,9724,11152,67,ok
insertion,random,1100,3,306200,3285,403,ok
merge,random,1100,3,9754,11152,66,ok
insertion,random,1100,4,301507,3282,397,ok
merge,random,1100,4,9753,11152,67,ok
insertion,random,1100,5,301109,3288,397,ok
merge,random,1100,5,9744,11152,69,ok
insertion,random,1100,6,312328,3279,410,ok
merge,random,1100,6,9724,11152,66,ok
insertion,random,1100,7,307466,3264,507,ok
merge,random,1100,7,9728,11152,72,ok
insertion,random,1100,8,301910,3285,397,ok
merge,random,1100,8,9741,11152,69,ok
insertion,random,1100,9,299597,3267,393,ok
merge,random,1100,9,9745,11152,68,ok
insertion,sorted,1100,0,604450,0,796,ok
merge,sorted,1100,0,5732,11152,27,ok
insertion,sorted,1100,1,604450,0,1005,ok
merge,sorted,1100,1,5732,11152,43,ok
insertion,sorted,1100,2,604450,0,1262,ok
merge,sorted,1100,2,5732,11152,41,ok
insertion,sorted,1100,3,604450,0,1262,ok
merge,sorted,1100,3,5732,11152,42,ok
insertion,sorted,1100,4,604450,0,1172,ok
merge,sorted,1100,4,5732,11152,36,ok
insertion,sorted,1100,5,604450,0,1110,ok
merge,sorted,1100,5,5732,11152,36,ok
insertion,sorted,1100,6,604450,0,1099,ok
merge,sorted,1100,6,5732,11152,37,ok
insertion,sorted,1100,7,604450,0,701,ok
merge,sorted,1100,7,5732,11152,23,ok
insertion,sorted,1100,8,604450,0,660,ok
merge,sorted,1100,8,5732,11152,22,ok
insertion,sorted,1100,9,604450,0,668,ok
merge,sorted,1100,9,5732,11152,24,ok
insertion,reverse,1100,0,1099,3297,2,ok
merge,reverse,1100,0,5420,11152,23,ok
insertion,reverse,1100,1,1099,3297,3,ok
merge,reverse,1100,1,5420,11152,21,ok
insertion,reverse,1100,2,1099,3297,2,ok
merge,reverse,1100,2,5420,11152,21,ok
insertion,reverse,1100,3,1099,3297,3,ok
merge,reverse,1100,3,5420,11152,21,ok
insertion,reverse,1100,4,1099,3297,3,ok
merge,reverse,1100,4,5420,11152,21,ok
insertion,reverse,1100,5,1099,3297,3,ok
merge,reverse,1100,5,5420,11152,21,ok
insertion,reverse,1100,6,1099,3297,2,ok
merge,reverse,1100,6,5420,11152,21,ok
insertion,reverse,1100,7,1099,3297,3,ok
merge,reverse,1100,7,5420,11152,21,ok
insertion,reverse,1100,8,1099,3297,3,ok
merge,reverse,1100,8,5420,11152,21,ok
insertion,reverse,1100,9,1099,3297,3,ok
merge,reverse,1100,9,5420,11152,21,ok
insertion,nearly,1100,0,604446,201,664,ok
merge,nearly,1100,0,5766,11152,23,ok
insertion,nearly,1100,1,604449,198,664,ok
merge,nearly,1100,1,5765,11152,23,ok
insertion,nearly,1100,2,604449,210,662,ok
merge,nearly,1100,2,5773,11152,23,ok
insertion,nearly,1100,3,604449,210,663,ok
merge,nearly,1100,3,5767,11152,23,ok
insertion,nearly,1100,4,604446,213,663,ok
merge,nearly,1100,4,5769,11152,23,ok
insertion,nearly,1100,5,604444,201,665,ok
merge,nearly,1100,5,5760,11152,23,ok
insertion,nearly,1100,6,604449,216,666,ok
merge,nearly,1100,6,5771,11152,22,ok
insertion,nearly,1100,7,604444,189,662,ok
merge,nearly,1100,7,5763,11152,23,ok
insertion,nearly,1100,8,604449,210,665,ok
merge,nearly,1100,8,5761,11152,22,ok
insertion,nearly,1100,9,604448,207,675,ok
merge,nearly,1100,9,5765,11152,23,ok
insertion,random,1600,0,634618,4782,699,ok
merge,random,1600,0,15052,17152,90,ok
insertion,random,1600,1,648355,4767,711,ok
merge,random,1600,1,15061,17152,86,ok
insertion,random,1600,2,648213,4767,712,ok
merge,random,1600,2,15049,17152,88,ok
insertion,random,1600,3,646331,4776,713,ok
merge,random,1600,3,14994,17152,87,ok
insertion,random,1600,4,634774,4779,803,ok
merge,random,1600,4,15052,17152,89,ok
insertion,random,1600,5,642424,4782,859,ok
merge,random,1600,5,15084,17152,121,ok
insertion,random,1600,6,656682,4779,953,ok
merge,random,1600,6,15055,17152,118,ok
insertion,random,1600,7,657684,4779,952,ok
merge,random,1600,7,15066,17152,117,ok
insertion,random,1600,8,646001,4779,933,ok
merge,random,1600,8,15002,17152,113,ok
insertion,random,1600,9,643596,4782,880,ok
merge,random,1600,9,15060,17152,102,ok
insertion,sorted,1600,0,1279200,0,1650,ok
merge,sorted,1600,0,8896,17152,35,ok
insertion,sorted,1600,1,1279200,0,1460,ok
merge,sorted,1600,1,8896,17152,33,ok
insertion,sorted,1600,2,1279200,0,1468,ok
merge,sorted,1600,2,8896,17152,34,ok
insertion,sorted,1600,3,1279200,0,1402,ok
merge,sorted,1600,3,8896,17152,32,ok
insertion,sorted,1600,4,1279200,0,1409,ok
merge,sorted,1600,4,8896,17152,32,ok
insertion,sorted,1600,5,1279200,0,1384,ok
merge,sorted,1600,5,8896,17152,51,ok
insertion,sorted,1600,6,1279200,0,1539,ok
merge,sorted,1600,6,8896,17152,36,ok
insertion,sorted,1600,7,1279200,0,1512,ok
merge,sorted,1600,7,8896,17152,34,ok
insertion,sorted,1600,8,1279200,0,1487,ok
merge,sorted,1600,8,8896,17152,33,ok
insertion,sorted,1600,9,1279200,0,1528,ok
merge,sorted,1600,9,8896,17152,37,ok
insertion,reverse,1600,0,1599,4797,4,ok
merge,reverse,1600,0,8256,17152,37,ok
insertion,reverse,1600,1,1599,4797,4,ok
merge,reverse,1600,1,8256,17152,34,ok
insertion,reverse,1600,2,1599,4797,5,ok
merge,reverse,1600,2,8256,17152,34,ok
insertion,reverse,1600,3,1599,4797,5,ok
merge,reverse,1600,3,8256,17152,34,ok
insertion,reverse,1600,4,1599,4797,4,ok
merge,reverse,1600,4,8256,17152,34,ok
insertion,reverse,1600,5,1599,4797,4,ok
merge,reverse,1600,5,8256,17152,35,ok
insertion,reverse,1600,6,1599,4797,4,ok
merge,reverse,1600,6,8256,17152,34,ok
insertion,reverse,1600,7,1599,4797,4,ok
merge,reverse,1600,7,8256,17152,34,ok
insertion,reverse,1600,8,1599,4797,4,ok
merge,reverse,1600,8,8256,17152,34,ok
insertion,reverse,1600,9,1599,4797,4,ok
merge,reverse,1600,9,8256,17152,35,ok
insertion,nearly,1600,0,1279196,300,1524,ok
merge,nearly,1600,0,8933,17152,37,ok
insertion,nearly,1600,1,1279195,303,1426,ok
merge,nearly,1600,1,8941,17152,33,ok
insertion,nearly,1600,2,1279195,291,1392,ok
merge,nearly,1600,2,8934,17152,34,ok
insertion,nearly,1600,3,1279196,300,1404,ok
merge,nearly,1600,3,8936,17152,37,ok
insertion,nearly,1600,4,1279198,306,1411,ok
merge,nearly,1600,4,8936,17152,34,ok
insertion,nearly,1600,5,1279194,318,1398,ok
merge,nearly,1600,5,8924,17152,34,ok
insertion,nearly,1600,6,1279194,300,1400,ok
merge,nearly,1600,6,8932,17152,33,ok
insertion,nearly,1600,7,1279199,297,1341,ok
merge,nearly,1600,7,8934,17152,32,ok
insertion,nearly,1600,8,1279198,300,1349,ok
merge,nearly,1600,8,8936,17152,32,ok
insertion,nearly,1600,9,1279198,312,1339,ok
merge,nearly,1600,9,8941,17152,32,ok
insertion,random,2100,0,1100248,6276,1193,ok
merge,random,2100,0,20497,23204,120,ok
insertion,random,2100,1,1128479,6267,1197,ok
merge,random,2100,1,20519,23204,118,ok
insertion,random,2100,2,1098720,6282,1134,ok
merge,random,2100,2,20548,23204,160,ok
insertion,random,2100,3,1100480,6279,1161,ok
merge,random,2100,3,20569,23204,115,ok
insertion,random,2100,4,1102225,6270,1118,ok
merge,random,2100,4,20508,23204,112,ok
insertion,random,2100,5,1099767,6285,1106,ok
merge,random,2100,5,20503,23204,109,ok
insertion,random,2100,6,1073825,6279,1077,ok
merge,random,2100,6,20529,23204,110,ok
insertion,random,2100,7,1085239,6261,1128,ok
merge,random,2100,7,20499,23204,114,ok
insertion,random,2100,8,1102239,6285,1091,ok
merge,random,2100,8,20555,23204,110,ok
insertion,random,2100,9,1098035,6279,1095,ok
merge,random,2100,9,20533,23204,108,ok
insertion,sorted,2100,0,2203950,0,2144,ok
merge,sorted,2100,0,11748,23204,44,ok
insertion,sorted,2100,1,2203950,0,2160,ok
merge,sorted,2100,1,11748,23204,42,ok
insertion,sorted,2100,2,2203950,0,2140,ok
merge,sorted,2100,2,11748,23204,42,ok
insertion,sorted,2100,3,2203950,0,2224,ok
merge,sorted,2100,3,11748,23204,42,ok
insertion,sorted,2100,4,2203950,0,2179,ok
merge,sorted,2100,4,11748,23204,42,ok
insertion,sorted,2100,5,2203950,0,2184,ok
merge,sorted,2100,5,11748,23204,44,ok
insertion,sorted,2100,6,2203950,0,2219,ok
merge,sorted,2100,6,11748,23204,42,ok
insertion,sorted,2100,7,2203950,0,2257,ok
merge,sorted,2100,7,11748,23204,44,ok
insertion,sorted,2100,8,2203950,0,2330,ok
merge,sorted,2100,8,11748,23204,43,ok
insertion,sorted,2100,9,2203950,0,2187,ok
merge,sorted,2100,9,11748,23204,43,ok
insertion,reverse,2100,0,2099,6297,4,ok
merge,reverse,2100,0,11456,23204,43,ok
insertion,reverse,2100,1,2099,6297,5,ok
merge,reverse,2100,1,11456,23204,41,ok
insertion,reverse,2100,2,2099,6297,5,ok
merge,reverse,2100,2,11456,23204,41,ok
insertion,reverse,2100,3,2099,6297,4,ok
merge,reverse,2100,3,11456,23204,41,ok
insertion,reverse,2100,4,2099,6297,5,ok
merge,reverse,2100,4,11456,23204,41,ok
insertion,reverse,2100,5,2099,6297,4,ok
merge,reverse,2100,5,11456,23204,41,ok
insertion,reverse,2100,6,2099,6297,4,ok
merge,reverse,2100,6,11456,23204,41,ok
insertion,reverse,2100,7,2099,6297,4,ok
merge,reverse,2100,7,11456,23204,41,ok
insertion,reverse,2100,8,2099,6297,4,ok
merge,reverse,2100,8,11456,23204,41,ok
insertion,reverse,2100,9,2099,6297,4,ok
merge,reverse,2100,9,11456,23204,41,ok
insertion,nearly,2100,0,2203946,411,2623,ok
merge,nearly,2100,0,11825,23204,51,ok
insertion,nearly,2100,1,2203943,402,2316,ok
merge,nearly,2100,1,11818,23204,47,ok
insertion,nearly,2100,2,2203944,387,2217,ok
merge,nearly,2100,2,11812,23204,45,ok
insertion,nearly,2100,3,2203946,399,2195,ok
merge,nearly,2100,3,11813,23204,45,ok
insertion,nearly,2100,4,2203943,384,2230,ok
merge,nearly,2100,4,11812,23204,44,ok
insertion,nearly,2100,5,2203947,414,2252,ok
merge,nearly,2100,5,11817,23204,44,ok
insertion,nearly,2100,6,2203949,420,2371,ok
merge,nearly,2100,6,11812,23204,48,ok
insertion,nearly,2100,7,2203947,402,2223,ok
merge,nearly,2100,7,11812,23204,47,ok
insertion,nearly,2100,8,2203947,408,2387,ok
merge,nearly,2100,8,11816,23204,46,ok
insertion,nearly,2100,9,2203943,414,2181,ok
merge,nearly,2100,9,11822,23204,44,ok
insertion,random,2600,0,1671612,7773,1646,ok
merge,random,2600,0,26305,29704,139,ok
insertion,random,2600,1,1673417,7779,1668,ok
merge,random,2600,1,26299,29704,146,ok
insertion,random,2600,2,1667280,7782,1687,ok
merge,random,2600,2,26235,29704,141,ok
insertion,random,2600,3,1646446,7773,1741,ok
merge,random,2600,3,26269,29704,149,ok
insertion,random,2600,4,1739138,7779,1834,ok
merge,random,2600,4,26276,29704,163,ok
insertion,random,2600,5,1692400,7755,1727,ok
merge,random,2600,5,26204,29704,139,ok
insertion,random,2600,6,1720337,7773,1689,ok
merge,random,2600,6,26275,29704,136,ok
insertion,random,2600,7,1680184,7776,1653,ok
merge,random,2600,7,26275,29704,137,ok
insertion,random,2600,8,1690418,7770,1805,ok
merge,random,2600,8,26244,29704,170,ok
insertion,random,2600,9,1715835,7761,1768,ok
merge,random,2600,9,26252,29704,145,ok
insertion,sorted,2600,0,3378700,0,3352,ok
merge,sorted,2600,0,15444,29704,55,ok
insertion,sorted,2600,1,3378700,0,3513,ok
merge,sorted,2600,1,15444,29704,55,ok
insertion,sorted,2600,2,3378700,0,3425,ok
merge,sorted,2600,2,15444,29704,53,ok
insertion,sorted,2600,3,3378700,0,3357,ok
merge,sorted,2600,3,15444,29704,54,ok
insertion,sorted,2600,4,3378700,0,3519,ok
merge,sorted,2600,4,15444,29704,54,ok
insertion,sorted,2600,5,3378700,0,3465,ok
merge,sorted,2600,5,15444,29704,54,ok
insertion,sorted,2600,6,3378700,0,3429,ok
merge,sorted,2600,6,15444,29704,53,ok
insertion,sorted,2600,7,3378700,0,3428,ok
merge,sorted,2600,7,15444,29704,54,ok
insertion,sorted,2600,8,3378700,0,3551,ok
merge,sorted,2600,8,15444,29704,58,ok
insertion,sorted,2600,9,3378700,0,3486,ok
merge,sorted,2600,9,15444,29704,53,ok
insertion,reverse,2600,0,2599,7797,5,ok
merge,reverse,2600,0,14260,29704,53,ok
insertion,reverse,2600,1,2599,7797,6,ok
merge,reverse,2600,1,14260,29704,53,ok
insertion,reverse,2600,2,2599,7797,5,ok
merge,reverse,2600,2,14260,29704,51,ok
insertion,reverse,2600,3,2599,7797,5,ok
merge,reverse,2600,3,14260,29704,52,ok
insertion,reverse,2600,4,2599,7797,6,ok
merge,reverse,2600,4,14260,29704,55,ok
insertion,reverse,2600,5,2599,7797,5,ok
merge,reverse,2600,5,14260,29704,54,ok
insertion,reverse,2600,6,2599,7797,6,ok
merge,reverse,2600,6,14260,29704,54,ok
insertion,reverse,2600,7,2599,7797,6,ok
merge,reverse,2600,7,14260,29704,56,ok
insertion,reverse,2600,8,2599,7797,6,ok
merge,reverse,2600,8,14260,29704,57,ok
insertion,reverse,2600,9,2599,7797,5,ok
merge,reverse,2600,9,14260,29704,56,ok
insertion,nearly,2600,0,3378694,486,3407,ok
merge,nearly,2600,0,15492,29704,56,ok
insertion,nearly,2600,1,3378694,504,3660,ok
merge,nearly,2600,1,15507,29704,56,ok
insertion,nearly,2600,2,3378691,471,3600,ok
merge,nearly,2600,2,15503,29704,56,ok
insertion,nearly,2600,3,3378695,507,3450,ok
merge,nearly,2600,3,15515,29704,58,ok
insertion,nearly,2600,4,3378694,504,3440,ok
merge,nearly,2600,4,15520,29704,54,ok
insertion,nearly,2600,5,3378696,474,3309,ok
merge,nearly,2600,5,15510,29704,54,ok
insertion,nearly,2600,6,3378698,516,3337,ok
merge,nearly,2600,6,15518,29704,54,ok
insertion,nearly,2600,7,3378696,522,3502,ok
merge,nearly,2600,7,15517,29704,54,ok
insertion,nearly,2600,8,3378695,507,3457,ok
merge,nearly,2600,8,15513,29704,53,ok
insertion,nearly,2600,9,3378697,495,3405,ok
merge,nearly,2600,9,15516,29704,58,ok
insertion,random,3100,0,2411895,9288,2363,ok
merge,random,3100,0,32089,36204,170,ok
insertion,random,3100,1,2414454,9279,2407,ok
merge,random,3100,1,32117,36204,185,ok
insertion,random,3100,2,2364546,9273,2414,ok
merge,random,3100,2,32110,36204,170,ok
insertion,random,3100,3,2473317,9276,2668,ok
merge,random,3100,3,32092,36204,171,ok
insertion,random,3100,4,2408907,9276,2428,ok
merge,random,3100,4,32112,36204,169,ok
insertion,random,3100,5,2393186,9264,2455,ok
merge,random,3100,5,32081,36204,180,ok
insertion,random,3100,6,2466428,9270,2503,ok
merge,random,3100,6,32071,36204,172,ok
insertion,random,3100,7,2400520,9282,2417,ok
merge,random,3100,7,32136,36204,164,ok
insertion,random,3100,8,2358719,9279,2461,ok
merge,random,3100,8,32073,36204,169,ok
insertion,random,3100,9,2411217,9285,2450,ok
merge,random,3100,9,32066,36204,169,ok
insertion,sorted,3100,0,4803450,0,4913,ok
merge,sorted,3100,0,18676,36204,66,ok
insertion,sorted,3100,1,4803450,0,4908,ok
merge,sorted,3100,1,18676,36204,65,ok
insertion,sorted,3100,2,4803450,0,4796,ok
merge,sorted,3100,2,18676,36204,65,ok
insertion,sorted,3100,3,4803450,0,5002,ok
merge,sorted,3100,3,18676,36204,65,ok
insertion,sorted,3100,4,4803450,0,4937,ok
merge,sorted,3100,4,18676,36204,64,ok
insertion,sorted,3100,5,4803450,0,4796,ok
merge,sorted,3100,5,18676,36204,64,ok
insertion,sorted,3100,6,4803450,0,4947,ok
merge,sorted,3100,6,18676,36204,66,ok
insertion,sorted,3100,7,4803450,0,4772,ok
merge,sorted,3100,7,18676,36204,64,ok
insertion,sorted,3100,8,4803450,0,4940,ok
merge,sorted,3100,8,18676,36204,69,ok
insertion,sorted,3100,9,4803450,0,5417,ok
merge,sorted,3100,9,18676,36204,66,ok
insertion,reverse,3100,0,3099,9297,6,ok
merge,reverse,3100,0,17528,36204,68,ok
insertion,reverse,3100,1,3099,9297,6,ok
merge,reverse,3100,1,17528,36204,67,ok
insertion,reverse,3100,2,3099,9297,7,ok
merge,reverse,3100,2,17528,36204,67,ok
insertion,reverse,3100,3,3099,9297,7,ok
merge,reverse,3100,3,17528,36204,65,ok
insertion,reverse,3100,4,3099,9297,6,ok
merge,reverse,3100,4,17528,36204,67,ok
insertion,reverse,3100,5,3099,9297,6,ok
merge,reverse,3100,5,17528,36204,66,ok
insertion,reverse,3100,6,3099,9297,6,ok
merge,reverse,3100,6,17528,36204,65,ok
insertion,reverse,3100,7,3099,9297,6,ok
merge,reverse,3100,7,17528,36204,64,ok
insertion,reverse,3100,8,3099,9297,6,ok
merge,reverse,3100,8,17528,36204,64,ok
insertion,reverse,3100,9,3099,9297,6,ok
merge,reverse,3100,9,17528,36204,69,ok
insertion,nearly,3100,0,4803440,573,4919,ok
merge,nearly,3100,0,18739,36204,67,ok
insertion,nearly,3100,1,4803441,564,4943,ok
merge,nearly,3100,1,18754,36204,72,ok
insertion,nearly,3100,2,4803444,585,4937,ok
merge,nearly,3100,2,18752,36204,67,ok
insertion,nearly,3100,3,4803443,606,5006,ok
merge,nearly,3100,3,18743,36204,66,ok
insertion,nearly,3100,4,4803441,582,4835,ok
merge,nearly,3100,4,18747,36204,67,ok
insertion,nearly,3100,5,4803445,588,4909,ok
merge,nearly,3100,5,18750,36204,70,ok
insertion,nearly,3100,6,4803446,591,4873,ok
merge,nearly,3100,6,18740,36204,69,ok
insertion,nearly,3100,7,4803439,588,4969,ok
merge,nearly,3100,7,18742,36204,70,ok
insertion,nearly,3100,8,4803445,588,5602,ok
merge,nearly,3100,8,18738,36204,163,ok
insertion,nearly,3100,9,4803446,573,6733,ok
merge,nearly,3100,9,18748,36204,69,ok
insertion,random,3600,0,3203449,10782,11179,ok
merge,random,3600,0,38052,42704,232,ok
insertion,random,3600,1,3366899,10761,14135,ok
merge,random,3600,1,37979,42704,334,ok
insertion,random,3600,2,3241842,10767,8100,ok
merge,random,3600,2,38082,42704,408,ok
insertion,random,3600,3,3275177,10770,5249,ok
merge,random,3600,3,38055,42704,270,ok
insertion,random,3600,4,3254183,10791,3436,ok
merge,random,3600,4,38058,42704,198,ok
insertion,random,3600,5,3289418,10773,3941,ok
merge,random,3600,5,38048,42704,218,ok
insertion,random,3600,6,3356203,10770,3556,ok
merge,random,3600,6,38019,42704,329,ok
insertion,random,3600,7,3226415,10779,3500,ok
merge,random,3600,7,38056,42704,253,ok
insertion,random,3600,8,3243901,10767,3386,ok
merge,random,3600,8,38010,42704,208,ok
insertion,random,3600,9,3303413,10788,3420,ok
merge,random,3600,9,38007,42704,203,ok
insertion,sorted,3600,0,6478200,0,7961,ok
merge,sorted,3600,0,21888,42704,79,ok
insertion,sorted,3600,1,6478200,0,6681,ok
merge,sorted,3600,1,21888,42704,79,ok
insertion,sorted,3600,2,6478200,0,6561,ok
merge,sorted,3600,2,21888,42704,77,ok
insertion,sorted,3600,3,6478200,0,6568,ok
merge,sorted,3600,3,21888,42704,80,ok
insertion,sorted,3600,4,6478200,0,6624,ok
merge,sorted,3600,4,21888,42704,79,ok
insertion,sorted,3600,5,6478200,0,6617,ok
merge,sorted,3600,5,21888,42704,76,ok
insertion,sorted,3600,6,6478200,0,6759,ok
merge,sorted,3600,6,21888,42704,77,ok
insertion,sorted,3600,7,6478200,0,6619,ok
merge,sorted,3600,7,21888,42704,76,ok
insertion,sorted,3600,8,6478200,0,6498,ok
merge,sorted,3600,8,21888,42704,77,ok
insertion,sorted,3600,9,6478200,0,6522,ok
merge,sorted,3600,9,21888,42704,78,ok
insertion,reverse,3600,0,3599,10797,7,ok
merge,reverse,3600,0,20816,42704,78,ok
insertion,reverse,3600,1,3599,10797,7,ok
merge,reverse,3600,1,20816,42704,82,ok
insertion,reverse,3600,2,3599,10797,7,ok
merge,reverse,3600,2,20816,42704,102,ok
insertion,reverse,3600,3,3599,10797,8,ok
merge,reverse,3600,3,20816,42704,110,ok
insertion,reverse,3600,4,3599,10797,7,ok
merge,reverse,3600,4,20816,42704,81,ok
insertion,reverse,3600,5,3599,10797,9,ok
merge,reverse,3600,5,20816,42704,80,ok
insertion,reverse,3600,6,3599,10797,8,ok
merge,reverse,3600,6,20816,42704,80,ok
insertion,reverse,3600,7,3599,10797,7,ok
merge,reverse,3600,7,20816,42704,79,ok
insertion,reverse,3600,8,3599,10797,7,ok
merge,reverse,3600,8,20816,42704,80,ok
insertion,reverse,3600,9,3599,10797,7,ok
merge,reverse,3600,9,20816,42704,81,ok
insertion,nearly,3600,0,6478188,678,6640,ok
merge,nearly,3600,0,22004,42704,83,ok
insertion,nearly,3600,1,6478194,690,6655,ok
merge,nearly,3600,1,21991,42704,80,ok
insertion,nearly,3600,2,6478192,672,7390,ok
merge,nearly,3600,2,21991,42704,82,ok
insertion,nearly,3600,3,6478191,687,6696,ok
merge,nearly,3600,3,22006,42704,81,ok
insertion,nearly,3600,4,6478191,693,8859,ok
merge,nearly,3600,4,21995,42704,80,ok
insertion,nearly,3600,5,6478188,684,6985,ok
merge,nearly,3600,5,22007,42704,81,ok
insertion,nearly,3600,6,6478189,663,6837,ok
merge,nearly,3600,6,21994,42704,84,ok
insertion,nearly,3600,7,6478189,681,6395,ok
merge,nearly,3600,7,21987,42704,420,ok
insertion,nearly,3600,8,6478192,690,6894,ok
merge,nearly,3600,8,21999,42704,80,ok
insertion,nearly,3600,9,6478195,681,7161,ok
merge,nearly,3600,9,21988,42704,87,ok
insertion,random,4100,0,4204876,12258,4238,ok
merge,random,4100,0,43994,49208,293,ok
insertion,random,4100,1,4309976,12282,4661,ok
merge,random,4100,1,43973,49208,242,ok
insertion,random,4100,2,4253334,12276,4420,ok
merge,random,4100,2,44002,49208,234,ok
insertion,random,4100,3,4228109,12279,7522,ok
merge,random,4100,3,44086,49208,242,ok
insertion,random,4100,4,4193282,12273,4318,ok
merge,random,4100,4,44004,49208,231,ok
insertion,random,4100,5,4213345,12264,4405,ok
merge,random,4100,5,44006,49208,237,ok
insertion,random,4100,6,4180486,12276,4200,ok
merge,random,4100,6,44045,49208,237,ok
insertion,random,4100,7,4198255,12270,6666,ok
merge,random,4100,7,43982,49208,248,ok
insertion,random,4100,8,4152855,12285,6508,ok
merge,random,4100,8,43969,49208,238,ok
insertion,random,4100,9,4190741,12270,16223,ok
merge,random,4100,9,44000,49208,250,ok
insertion,sorted,4100,0,8402950,0,11174,ok
merge,sorted,4100,0,24624,49208,116,ok
insertion,sorted,4100,1,8402950,0,13441,ok
merge,sorted,4100,1,24624,49208,116,ok
insertion,sorted,4100,2,8402950,0,12580,ok
merge,sorted,4100,2,24624,49208,107,ok
insertion,sorted,4100,3,8402950,0,10020,ok
merge,sorted,4100,3,24624,49208,93,ok
insertion,sorted,4100,4,8402950,0,8979,ok
merge,sorted,4100,4,24624,49208,91,ok
insertion,sorted,4100,5,8402950,0,9075,ok
merge,sorted,4100,5,24624,49208,91,ok
insertion,sorted,4100,6,8402950,0,8926,ok
merge,sorted,4100,6,24624,49208,89,ok
insertion,sorted,4100,7,8402950,0,9076,ok
merge,sorted,4100,7,24624,49208,98,ok
insertion,sorted,4100,8,8402950,0,9872,ok
merge,sorted,4100,8,24624,49208,96,ok
insertion,sorted,4100,9,8402950,0,11942,ok
merge,sorted,4100,9,24624,49208,111,ok
insertion,reverse,4100,0,4099,12297,11,ok
merge,reverse,4100,0,24584,49208,96,ok
insertion,reverse,4100,1,4099,12297,9,ok
merge,reverse,4100,1,24584,49208,100,ok
insertion,reverse,4100,2,4099,12297,10,ok
merge,reverse,4100,2,24584,49208,120,ok
insertion,reverse,4100,3,4099,12297,23,ok
merge,reverse,4100,3,24584,49208,96,ok
insertion,reverse,4100,4,4099,12297,12,ok
merge,reverse,4100,4,24584,49208,97,ok
insertion,reverse,4100,5,4099,12297,10,ok
merge,reverse,4100,5,24584,49208,94,ok
insertion,reverse,4100,6,4099,12297,10,ok
merge,reverse,4100,6,24584,49208,109,ok
insertion,reverse,4100,7,4099,12297,11,ok
merge,reverse,4100,7,24584,49208,97,ok
insertion,reverse,4100,8,4099,12297,9,ok
merge,reverse,4100,8,24584,49208,94,ok
insertion,reverse,4100,9,4099,12297,10,ok
merge,reverse,4100,9,24584,49208,94,ok
insertion,nearly,4100,0,8402941,804,9256,ok
merge,nearly,4100,0,24765,49208,100,ok
insertion,nearly,4100,1,8402941,738,9296,ok
merge,nearly,4100,1,24757,49208,96,ok
insertion,nearly,4100,2,8402946,789,9344,ok
merge,nearly,4100,2,24760,49208,95,ok
insertion,nearly,4100,3,8402943,774,8979,ok
merge,nearly,4100,3,24772,49208,94,ok
insertion,nearly,4100,4,8402945,786,8970,ok
merge,nearly,4100,4,24754,49208,91,ok
insertion,nearly,4100,5,8402941,750,8983,ok
merge,nearly,4100,5,24766,49208,92,ok
insertion,nearly,4100,6,8402944,783,8984,ok
merge,nearly,4100,6,24761,49208,95,ok
insertion,nearly,4100,7,8402941,798,8923,ok
merge,nearly,4100,7,24755,49208,91,ok
insertion,nearly,4100,8,8402945,816,9021,ok
merge,nearly,4100,8,24759,49208,94,ok
insertion,nearly,4100,9,8402942,783,9009,ok
merge,nearly,4100,9,24759,49208,92,ok
insertion,random,4600,0,5308360,13773,6732,ok
merge,random,4600,0,50187,56208,268,ok
insertion,random,4600,1,5213896,13770,6636,ok
merge,random,4600,1,50186,56208,267,ok
insertion,random,4600,2,5390574,13776,5616,ok
merge,random,4600,2,50187,56208,263,ok
insertion,random,4600,3,5269925,13770,5454,ok
merge,random,4600,3,50280,56208,264,ok
insertion,random,4600,4,5345630,13758,5582,ok
merge,random,4600,4,50230,56208,262,ok
insertion,random,4600,5,5324391,13782,8272,ok
merge,random,4600,5,50270,56208,263,ok
insertion,random,4600,6,5253027,13773,6406,ok
merge,random,4600,6,50213,56208,283,ok
insertion,random,4600,7,5333761,13788,5566,ok
merge,random,4600,7,50228,56208,263,ok
insertion,random,4600,8,5341331,13776,10360,ok
merge,random,4600,8,50256,56208,265,ok
insertion,random,4600,9,5303321,13782,6779,ok
merge,random,4600,9,50287,56208,263,ok
insertion,sorted,4600,0,10577700,0,12491,ok
merge,sorted,4600,0,28884,56208,105,ok
insertion,sorted,4600,1,10577700,0,11673,ok
merge,sorted,4600,1,28884,56208,105,ok
insertion,sorted,4600,2,10577700,0,11786,ok
merge,sorted,4600,2,28884,56208,107,ok
insertion,sorted,4600,3,10577700,0,11700,ok
merge,sorted,4600,3,28884,56208,191,ok
insertion,sorted,4600,4,10577700,0,11911,ok
merge,sorted,4600,4,28884,56208,108,ok
insertion,sorted,4600,5,10577700,0,11710,ok
merge,sorted,4600,5,28884,56208,104,ok
insertion,sorted,4600,6,10577700,0,11895,ok
merge,sorted,4600,6,28884,56208,104,ok
insertion,sorted,4600,7,10577700,0,11838,ok
merge,sorted,4600,7,28884,56208,103,ok
insertion,sorted,4600,8,10577700,0,11719,ok
merge,sorted,4600,8,28884,56208,107,ok
insertion,sorted,4600,9,10577700,0,11966,ok
merge,sorted,4600,9,28884,56208,106,ok
insertion,reverse,4600,0,4599,13797,11,ok
merge,reverse,4600,0,27324,56208,107,ok
insertion,reverse,4600,1,4599,13797,11,ok
merge,reverse,4600,1,27324,56208,103,ok
insertion,reverse,4600,2,4599,13797,11,ok
merge,reverse,4600,2,27324,56208,105,ok
insertion,reverse,4600,3,4599,13797,10,ok
merge,reverse,4600,3,27324,56208,125,ok
insertion,reverse,4600,4,4599,13797,10,ok
merge,reverse,4600,4,27324,56208,103,ok
insertion,reverse,4600,5,4599,13797,11,ok
merge,reverse,4600,5,27324,56208,113,ok
insertion,reverse,4600,6,4599,13797,11,ok
merge,reverse,4600,6,27324,56208,116,ok
insertion,reverse,4600,7,4599,13797,11,ok
merge,reverse,4600,7,27324,56208,117,ok
insertion,reverse,4600,8,4599,13797,10,ok
merge,reverse,4600,8,27324,56208,102,ok
insertion,reverse,4600,9,4599,13797,10,ok
merge,reverse,4600,9,27324,56208,102,ok
insertion,nearly,4600,0,10577692,864,11967,ok
merge,nearly,4600,0,29025,56208,108,ok
insertion,nearly,4600,1,10577687,867,12039,ok
merge,nearly,4600,1,29018,56208,111,ok
insertion,nearly,4600,2,10577688,852,11790,ok
merge,nearly,4600,2,29003,56208,108,ok
insertion,nearly,4600,3,10577683,867,12092,ok
merge,nearly,4600,3,29025,56208,108,ok
insertion,nearly,4600,4,10577690,912,11860,ok
merge,nearly,4600,4,29020,56208,139,ok
insertion,nearly,4600,5,10577693,885,11746,ok
merge,nearly,4600,5,29019,56208,106,ok
insertion,nearly,4600,6,10577685,855,11950,ok
merge,nearly,4600,6,29017,56208,128,ok
insertion,nearly,4600,7,10577689,855,11743,ok
merge,nearly,4600,7,29020,56208,107,ok
insertion,nearly,4600,8,10577693,891,11939,ok
merge,nearly,4600,8,29031,56208,109,ok
insertion,nearly,4600,9,10577688,870,11851,ok
merge,nearly,4600,9,29012,56208,108,ok
insertion,random,5100,0,6464375,15261,8557,ok
merge,random,5100,0,56471,63208,301,ok
insertion,random,5100,1,6402310,15264,7036,ok
merge,random,5100,1,56469,63208,292,ok
insertion,random,5100,2,6443632,15246,8665,ok
merge,random,5100,2,56541,63208,300,ok
insertion,random,5100,3,6534824,15270,12141,ok
merge,random,5100,3,56544,63208,297,ok
insertion,random,5100,4,6613241,15282,11836,ok
merge,random,5100,4,56535,63208,299,ok
insertion,random,5100,5,6549001,15252,8692,ok
merge,random,5100,5,56477,63208,296,ok
insertion,random,5100,6,6450899,15276,8709,ok
merge,random,5100,6,56469,63208,329,ok
insertion,random,5100,7,6467271,15273,7204,ok
merge,random,5100,7,56479,63208,297,ok
insertion,random,5100,8,6558445,15291,10329,ok
merge,random,5100,8,56395,63208,299,ok
insertion,random,5100,9,6397990,15267,7149,ok
merge,random,5100,9,56453,63208,295,ok
insertion,sorted,5100,0,13002450,0,13605,ok
merge,sorted,5100,0,32668,63208,128,ok
insertion,sorted,5100,1,13002450,0,13856,ok
merge,sorted,5100,1,32668,63208,124,ok
insertion,sorted,5100,2,13002450,0,13484,ok
merge,sorted,5100,2,32668,63208,125,ok
insertion,sorted,5100,3,13002450,0,13591,ok
merge,sorted,5100,3,32668,63208,124,ok
insertion,sorted,5100,4,13002450,0,13525,ok
merge,sorted,5100,4,32668,63208,123,ok
insertion,sorted,5100,5,13002450,0,13457,ok
merge,sorted,5100,5,32668,63208,120,ok
insertion,sorted,5100,6,13002450,0,13605,ok
merge,sorted,5100,6,32668,63208,123,ok
insertion,sorted,5100,7,13002450,0,13527,ok
merge,sorted,5100,7,32668,63208,121,ok
insertion,sorted,5100,8,13002450,0,13640,ok
merge,sorted,5100,8,32668,63208,123,ok
insertion,sorted,5100,9,13002450,0,13501,ok
merge,sorted,5100,9,32668,63208,122,ok
insertion,reverse,5100,0,5099,15297,12,ok
merge,reverse,5100,0,30540,63208,115,ok
insertion,reverse,5100,1,5099,15297,13,ok
merge,reverse,5100,1,30540,63208,116,ok
insertion,reverse,5100,2,5099,15297,12,ok
merge,reverse,5100,2,30540,63208,116,ok
insertion,reverse,5100,3,5099,15297,11,ok
merge,reverse,5100,3,30540,63208,116,ok
insertion,reverse,5100,4,5099,15297,12,ok
merge,reverse,5100,4,30540,63208,114,ok
insertion,reverse,5100,5,5099,15297,11,ok
merge,reverse,5100,5,30540,63208,113,ok
insertion,reverse,5100,6,5099,15297,11,ok
merge,reverse,5100,6,30540,63208,118,ok
insertion,reverse,5100,7,5099,15297,12,ok
merge,reverse,5100,7,30540,63208,116,ok
insertion,reverse,5100,8,5099,15297,12,ok
merge,reverse,5100,8,30540,63208,117,ok
insertion,reverse,5100,9,5099,15297,12,ok
merge,reverse,5100,9,30540,63208,115,ok
insertion,nearly,5100,0,13002440,987,13476,ok
merge,nearly,5100,0,32794,63208,126,ok
insertion,nearly,5100,1,13002441,960,13563,ok
merge,nearly,5100,1,32812,63208,131,ok
insertion,nearly,5100,2,13002437,984,13592,ok
merge,nearly,5100,2,32798,63208,123,ok
insertion,nearly,5100,3,13002437,984,13540,ok
merge,nearly,5100,3,32797,63208,124,ok
insertion,nearly,5100,4,13002437,954,13734,ok
merge,nearly,5100,4,32799,63208,127,ok
insertion,nearly,5100,5,13002444,975,13619,ok
merge,nearly,5100,5,32802,63208,122,ok
insertion,nearly,5100,6,13002439,960,13450,ok
merge,nearly,5100,6,32812,63208,127,ok
insertion,nearly,5100,7,13002439,978,13605,ok
merge,nearly,5100,7,32803,63208,131,ok
insertion,nearly,5100,8,13002439,978,13445,ok
merge,nearly,5100,8,32798,63208,125,ok
insertion,nearly,5100,9,13002438,975,13520,ok
merge,nearly,5100,9,32798,63208,153,ok
insertion,random,5600,0,7871443,16779,9163,ok
merge,random,5600,0,62782,70208,334,ok
insertion,random,5600,1,7840230,16773,9468,ok
merge,random,5600,1,62825,70208,327,ok
insertion,random,5600,2,7745868,16773,12495,ok
merge,random,5600,2,62805,70208,324,ok
insertion,random,5600,3,7715344,16761,9074,ok
merge,random,5600,3,62756,70208,334,ok
insertion,random,5600,4,7737026,16776,9085,ok
merge,random,5600,4,62819,70208,326,ok
insertion,random,5600,5,7778843,16770,7953,ok
merge,random,5600,5,62802,70208,332,ok
insertion,random,5600,6,7787063,16770,9140,ok
merge,random,5600,6,62782,70208,332,ok
insertion,random,5600,7,7848228,16770,7877,ok
merge,random,5600,7,62755,70208,359,ok
insertion,random,5600,8,7854360,16752,9331,ok
merge,random,5600,8,62768,70208,358,ok
insertion,random,5600,9,7919509,16770,9129,ok
merge,random,5600,9,62770,70208,330,ok
insertion,sorted,5600,0,15677200,0,15629,ok
merge,sorted,5600,0,36432,70208,140,ok
insertion,sorted,5600,1,15677200,0,15837,ok
merge,sorted,5600,1,36432,70208,131,ok
insertion,sorted,5600,2,15677200,0,15797,ok
merge,sorted,5600,2,36432,70208,140,ok
insertion,sorted,5600,3,15677200,0,15717,ok
merge,sorted,5600,3,36432,70208,129,ok
insertion,sorted,5600,4,15677200,0,15594,ok
merge,sorted,5600,4,36432,70208,130,ok
insertion,sorted,5600,5,15677200,0,15706,ok
merge,sorted,5600,5,36432,70208,129,ok
insertion,sorted,5600,6,15677200,0,15589,ok
merge,sorted,5600,6,36432,70208,141,ok
insertion,sorted,5600,7,15677200,0,16023,ok
merge,sorted,5600,7,36432,70208,148,ok
insertion,sorted,5600,8,15677200,0,15940,ok
merge,sorted,5600,8,36432,70208,132,ok
insertion,sorted,5600,9,15677200,0,15577,ok
merge,sorted,5600,9,36432,70208,129,ok
insertion,reverse,5600,0,5599,16797,12,ok
merge,reverse,5600,0,33776,70208,124,ok
insertion,reverse,5600,1,5599,16797,14,ok
merge,reverse,5600,1,33776,70208,128,ok
insertion,reverse,5600,2,5599,16797,13,ok
merge,reverse,5600,2,33776,70208,125,ok
insertion,reverse,5600,3,5599,16797,11,ok
merge,reverse,5600,3,33776,70208,121,ok
insertion,reverse,5600,4,5599,16797,13,ok
merge,reverse,5600,4,33776,70208,125,ok
insertion,reverse,5600,5,5599,16797,12,ok
merge,reverse,5600,5,33776,70208,125,ok
insertion,reverse,5600,6,5599,16797,12,ok
merge,reverse,5600,6,33776,70208,120,ok
insertion,reverse,5600,7,5599,16797,13,ok
merge,reverse,5600,7,33776,70208,125,ok
insertion,reverse,5600,8,5599,16797,13,ok
merge,reverse,5600,8,33776,70208,125,ok
insertion,reverse,5600,9,5599,16797,11,ok
merge,reverse,5600,9,33776,70208,121,ok
insertion,nearly,5600,0,15677184,1050,20875,ok
merge,nearly,5600,0,36567,70208,135,ok
insertion,nearly,5600,1,15677187,1035,20693,ok
merge,nearly,5600,1,36548,70208,132,ok
insertion,nearly,5600,2,15677189,1089,20924,ok
merge,nearly,5600,2,36590,70208,130,ok
insertion,nearly,5600,3,15677186,1062,20894,ok
merge,nearly,5600,3,36568,70208,133,ok
insertion,nearly,5600,4,15677189,1083,20673,ok
merge,nearly,5600,4,36559,70208,134,ok
insertion,nearly,5600,5,15677186,1044,20846,ok
merge,nearly,5600,5,36553,70208,137,ok
insertion,nearly,5600,6,15677186,1056,20738,ok
merge,nearly,5600,6,36565,70208,134,ok
insertion,nearly,5600,7,15677183,1077,21086,ok
merge,nearly,5600,7,36555,70208,133,ok
insertion,nearly,5600,8,15677184,1032,20870,ok
merge,nearly,5600,8,36552,70208,132,ok
insertion,nearly,5600,9,15677190,1074,21013,ok
merge,nearly,5600,9,36568,70208,141,ok
